id;name;file;file_content_type;file_url;reference_id;reference
1;hm maul;../fake-data/blob/hipster.png;image/png;disport;29809;SECTOR
2;huzzah cuddly incidentally;../fake-data/blob/hipster.png;image/png;aside of deconstruct;17150;MONTHLY_PAYMENT
3;oof yuck;../fake-data/blob/hipster.png;image/png;ambition crook duh;11783;CENTER
4;ick;../fake-data/blob/hipster.png;image/png;wetly;30751;MONTHLY_PAYMENT
5;pfft;../fake-data/blob/hipster.png;image/png;hence before;26336;JEHA
6;pullulate hence;../fake-data/blob/hipster.png;image/png;jack before like;8352;MONTHLY_PAYMENT
7;burp humanise though;../fake-data/blob/hipster.png;image/png;hmph quizzically er;1888;SECTOR
8;credenza recklessly;../fake-data/blob/hipster.png;image/png;thin unlawful;2338;MONTHLY_PAYMENT
9;aha frequent nor;../fake-data/blob/hipster.png;image/png;upset beyond acidic;17069;MONTHLY_PAYMENT
10;pace;../fake-data/blob/hipster.png;image/png;yet;13458;MONTHLY_PAYMENT
