id;name;website;mobile_no;facebook_page;email;address;plus_code;center_image;center_image_content_type;center_image_url
1;brisk;likewise jug ew;except with;messy fasten through;Aubrey.Upton@hotmail.com;ramie separately below;violin trigonometry;../fake-data/blob/hipster.png;image/png;hearty
2;oof;ambiguity lest travel;pause;bleakly huzzah;Thelma_Barton11@yahoo.com;where;yet until finally;../fake-data/blob/hipster.png;image/png;old
3;quick through;drat powerfully;who;member against;Brian.Batz51@gmail.com;battalion whirlpool athwart;wearily handful after;../fake-data/blob/hipster.png;image/png;joshingly
4;an gargantuan till;throughout;selfishly;nor concerning bite;Kathlyn.MacGyver52@gmail.com;on;before psst plot;../fake-data/blob/hipster.png;image/png;a yuck
5;tone;tedious;scrap lest hmph;rocket stunning intrude;Alda_Boyle@yahoo.com;ceramic type that;pork;../fake-data/blob/hipster.png;image/png;hm astride bah
6;whenever;principle;brr modulo;crest monster;Keith_Schultz21@hotmail.com;inside beyond storyboard;till pesky wrangle;../fake-data/blob/hipster.png;image/png;azimuth aw anenst
7;whoever prize geez;plus pursuit;parable prostrate nor;neigh psst storage;Unique47@yahoo.com;unwelcome completion;diligently enforcement;../fake-data/blob/hipster.png;image/png;boohoo oh powerful
8;knotty rationale sleepily;but;knottily worker;lesson member;Tevin13@gmail.com;curiously boo drat;whereas absent carry;../fake-data/blob/hipster.png;image/png;shabby up welcome
9;above hiccough;diligently;because;afore mid detailed;Dagmar.Adams@yahoo.com;doorbell apostrophise;per dry ack;../fake-data/blob/hipster.png;image/png;closely
10;than aboard;failing;agree likewise;boo homonym for;Arlene_McKenzie5@yahoo.com;circa compassionate throne;willfully;../fake-data/blob/hipster.png;image/png;when so
