id;beneficiary;payment;date_of_payment;description;notes
1;till;13133;2023-11-28;pish painfully;modulo
2;after;5015;2023-11-28;afore;uh-huh
3;absentmindedly;12262;2023-11-28;into mastication;misspell since
4;breastplate wherever qua;11248;2023-11-29;indeed;till
5;which gah attractive;1898;2023-11-29;frequent;hungrily
6;quirkily an hence;9398;2023-11-29;violence bah against;overlap gah following
7;eek;32;2023-11-29;underestimation;but
8;vandalize stealthily aha;31520;2023-11-28;gadzooks grass;vane burrow
9;greatly yum;5954;2023-11-29;ginger;pro what rapidly
10;limited estrogen bargain;25418;2023-11-28;rigidly closely bandana;fiercely down violently
